No,TICKER,NAMA PERUSAHAAN,2021,,,,,,,,,,,,,2022,,,,,,,,,,,,2023,,,,,,,,,,,,2024,,,,,,,,,,,
,,,Altman Z score,,,,,Good Corporate Governance,,,Conservatism Accounting,,,,Return on Stock Price (+7),Altman Z score,,,,,Good Corporate Governance,,,Conservatism Accounting,,,Return on Stock Price,Altman Z score,,,,,Good Corporate Governance,,,Conservatism Accounting,,,Return on Stock Price,Altman Z score,,,,,Good Corporate Governance,,,Conservatism Accounting,,,Return on Stock Price
,,,X1,X2,X3,X4,X5,Ind Com,Man Own,In Own,Total Con ACC,Net Inc,Opr Cash Flow,Dep & Amort,,X1,X2,X3,X4,X5,Ind Com,Man Own,In Own,Net Inc,Opr Cashflow,Dep & Amort,,X1,X2,X3,X4,X5,Ind Com,Man Own,In Own,Net Inc,Opr Cashflow,Dep & Amort,,X1,X2,X3,X4,X5,Ind Com,Man Own,In Own,Net Inc,Opr Cashflow,Dep & Amort,
1,AALI,Astra Agro Lestari Tbk.,  0.05 ,  0.53 ,0.10,  1.98 ,0.80,0.5,0.00,0.80,0.19,"  2,067,362,000,000 ","  4,895,119,000,000 ","  1,271,208,000,000 ",,  0.18 ,0.58,0.08,2.20,0.75,0.50,0.00,0.80,"  1,792,050,000,000 ","  1,835,397,000,000 ","  1,296,476,000,000 ",,  0.11 ,0.60,0.05,2.15,0.72,0.50,0.00,  0.80 ,"  1,088,170,000,000 ","  2,538,738,000,000 ","  1,363,412,000,000 ",,  0.18 ,0.62,0.06,2.13,0.76,0.50,0.00,  0.80 ,"  1,186,783,000,000 ","  3,379,195,000,000 ","  1,436,180,000,000 ",
2,ADES,Akasha Wira International Tbk.,  0.31 ,  0.28 ,0.25,  5.81 ,0.72,0.33,0.00,0.92,0.41,"  265,758,000,000 ","  308,341,000,000 ","  40,251,000,000 ",,  0.34 ,0.44,0.28,13.62,0.78,0.33,  0.00 ,0.92,"  364,972,000,000 ","  312,748,000,000 ","  41,825,000,000 ",,  0.45 ,0.54,0.23,16.06,0.73,0.33,  0.00 ,0.00,"  395,798,000,000 ","  459,648,000,000 ","  45,194,000,000 ",,  0.43 ,0.61,0.23,12.25,0.73,0.33,  0.00 ,0.91,"  527,368,000,000 ","  471,800,000,000 ","  56,103,000,000 ",
3,AISA,FKS Food Sejahtera Tbk.,- 0.16 ,  0.01 ,0.03,  1.93 ,0.86,0.50,0.00,  0.64 ,-0.08,"  5,762,000,000 ","- 84,864,000,000 ","  58,286,000,000 ",,- 0.15 ,-1.65,-0.02,1.27,1.01,0.50,0.00,  0.73 ,"- 62,359,000,000 ","- 41,789,000,000 ","  62,735,000,000 ",,- 0.09 ,-1.60,0.04,1.52,0.92,0.60,0.00,  0.74 ,"  18,796,000,000 ","  78,479,000,000 ","  61,076,000,000 ",,  0.02 ,-1.51,0.07,1.07,0.98,  0.50 ,0.00,  0.74 ,"  69,482,000,000 ","  271,662,000,000 ","  78,681,000,000 ",
4,AMRT,Sumber Alfaria Trijaya Tbk.,- 0.08 ,  0.19 ,0.10,  2.81 ,3.10,0.5,  0.02 ,  0.53 ,0.19,"  1,963,050,000,000 ","  6,335,963,000,000 ","  3,140,580,000,000 ",,- 0.06 ,0.28,0.12,5.71,3.15,0.60,  0.02 ,  0.53 ,"  2,907,478,000,000 ","  7,062,488,000,000 ","  3,265,639,000,000 ",,  0.00 ,0.33,0.13,6.56,3.12,0.5,  0.01 ,  0.53 ,"  3,484,025,000,000 ","  6,817,021,000,000 ","  3,656,876,000,000 ",,  0.02 ,0.34,0.11,5.61,3.05,0.5,  0.01 ,  0.53 ,"  3,220,083,000,000 ","  8,063,130,000,000 ","  4,187,983,000,000 ",
5,ANJT,"Austindo Nusantara Jaya Tbk.      Rate 2021 IDR -> USD 0.000070
Rate 2022 IDR -> USD 0.000064      Rate 2023 IDR -> USD 0.000065            Rate 2024 IDR -> USD 0.000062 ",  0.05 ,  0.52 ,0.09,  0.97 ,0.42,0.38,  0.10 ,  0.82 ,0.15,"  522,670,771,429 ","  1,182,860,357,143 ","  354,429,985,714 ",,  0.03 ,0.58,0.07,0.65,0.45,0.375,  0.10 ,  0.82 ,"  330,551,375,000 ","  937,429,015,625 ","  436,230,218,750 ",,- 0.01 ,0.72,0.01,30.56,0.03,0.43,0.10,0.82,"  75,001,984,615 ","- 21,523,800,000 ","  425,468,230,769 ",,  0.02 ,0.74,0.03,178.22,0.04,0.43,  0.10 ,  0.82 ,"  148,008,306,452 ","- 64,714,838,710 ","  454,542,419,355 ",
6,BISI,BISI International Tbk.,  0.68 ,  0.74 ,0.15,  7.39 ,0.64,0.33,  0.00 ,  0.54 ,0.32,"  380,992,000,000 ","  652,538,000,000 ","  41,858,000,000 ",,  0.70 ,0.78,0.18,13.32,0.71,0.33,  0.00 ,0.54,"  523,242,000,000 ","  668,145,000,000 ","  45,473,000,000 ",,  0.65 ,0.78,0.18,10.55,0.59,0.50,  0.00 ,0.54,"  600,446,000,000 ","  42,910,000,000 ","  49,559,000,000 ",,  0.65 ,0.82,0.06,14.75,0.38,0.50,  0.00 ,0.65,"  182,109,000,000 ","- 146,282,000,000 ","  57,020,000,000 ",
7,BUDI,Budi Starch & Sweetener Tbk.,  0.06 ,  0.16 ,0.06,  0.50 ,0.87,0.33,0.00,  0.58 ,0.03,"  69,457,000,000 ","  190,973,000,000 ","  160,177,000,000 ",,  0.07 ,0.17,0.06,0.62,0.80,0.33,  0.00 ,0.60,"  67,125,000,000 ","  93,996,000,000 ","  150,522,000,000 ",,  0.14 ,0.17,0.07,0.72,1.19,0.33,  0.00 ,0.60,"  102,542,000,000 ","  190,851,000,000 ","  209,681,000,000 ",,  0.18 ,0.15,0.06,0.46,1.05,0.33,  0.00 ,  0.60 ,"  67,848,000,000 ","- 257,923,000,000 ","  187,411,000,000 ",
8,BWPT,Eagle High Plantations Tbk.,#DIV/0!,#DIV/0!,#DIV/0!,#DIV/0!,#DIV/0!,0.33,  0.00 ,  0.75 ,#DIV/0!,,,  -   ,,-0.12,-0.37,0.04,0.20,0.37,0.33,  0.00 ,  0.75 ,"17,478,000,000",,  -   ,,- 0.22 ,0.00,0.07,0.00,0.41,0.33,  0.00 ,  0.75 ,"  159,970,000,000 ",,  -   ,,- 0.16 ,0.00,0.09,0.00,0.44,0.33,  0.00 ,0.7470344742,"  272,132,000,000 ",,  -   ,
9,CEKA,Wilmar Cahaya Indonesia Tbk.,  0.63 ,  0.01 ,0.13,  3.61 ,3.16,0.33,  0.00 ,  0.92 ,-0.11,"  187,066,990,085 ","- 91,481,686,113 ","  289,159,569,247 ",,  0.72 ,0.01,0.16,7.00,3.58,0.33,  0.00 ,  0.87 ,"  220,704,543,072 ","  11,867,530,566 ","  314,218,195,070 ",,  0.72 ,0.01,0.10,4.37,3.37,0.50,0.00,  0.87 ,"  153,574,779,624 ","  542,472,806,836 ","  338,790,244,923 ",,  0.69 ,0.00,0.16,2.60,3.36,0.50,0.00,  0.87 ,"  324,942,516,449 ","- 18,117,428,606 ","  348,653,976,618 ",
10,CPIN,Charoen Pokphand Indonesia Tbk,  0.22 ,  0.71 ,0.14,  9.48 ,1.46,0.33,0.00,  0.56 ,-0.06,"  3,619,010,000,000 ","  2,121,905,000,000 ","  7,900,572,000,000 ",,  0.20 ,0.66,0.10,6.85,1.43,0.33,0.00,  0.56 ,"  2,930,357,000,000 ","  1,673,887,000,000 ","  8,771,626,000,000 ",,  0.18 ,0.66,0.09,5.91,1.50,0.50,0.00,  0.61 ,"  2,318,088,000,000 ","  3,146,254,000,000 ","  9,923,136,000,000 ",,  0.30 ,0.70,0.14,6.24,1.58,0.50,0.00,  0.62 ,"  3,711,601,000,000 ","  4,305,814,000,000 ","  11,235,755,000,000 ",
11,CPRO,Central Proteina Prima Tbk.,- 0.04 ,- 0.64 ,0.13,  1.58 ,1.25,0.33,  0.00 ,  0.81 ,0.36,"  2,209,313,000,000 ","  99,209,000,000 ",  -   ,,  0.03 ,-0.55,0.12,0.86,1.21,0.33,0.00,  0.66 ,"  373,978,000,000 ","  284,210,000,000 ","  1,948,806,000,000 ",,  0.02 ,-0.49,0.10,0.88,1.32,0.5,  0.00 ,  0.66 ,"  401,774,000,000 ","  323,485,000,000 ","  1,763,517,000,000 ",,  0.01 ,-0.45,0.10,0.95,1.38,0.40,0.00,  0.66 ,"  320,155,000,000 ","  765,703,000,000 ","  1,543,197,000,000 ",
12,DLTA,Delta Djakarta Tbk.,  0.71 ,  0.74 ,0.18,  10.03 ,0.52,0.40,  0.00 ,  0.85 ,0.07,"  190,439,817,000 ","  335,398,629,000 ","  430,426,648,000 ",,  0.70 ,0.74,0.23,10.01,0.60,0.4,0.00,  0.85 ,"  230,065,807,000 ","  196,829,126,000 ","  412,693,957,000 ",,  0.70 ,0.74,0.21,10.33,0.61,0.40,0.00,  0.85 ,"  199,611,841,000 ","  135,317,376,000 ","  428,246,934,000 ",,  0.67 ,0.80,0.16,6.42,0.58,0.40,0.00,  0.85 ,"  142,367,399,000 ","  177,516,395,000 ","  431,065,219,000 ",
13,DSFI,Dharma Samudera Fishing Indust,#DIV/0!,#DIV/0!,#DIV/0!,#DIV/0!,#DIV/0!,,0.01,0.69,#DIV/0!,,,  -   ,,#DIV/0!,#DIV/0!,#DIV/0!,#DIV/0!,#DIV/0!,,0.01,0.69,,,  -   ,,#DIV/0!,#DIV/0!,#DIV/0!,#DIV/0!,#DIV/0!,,0.01,0.69,,,  -   ,,#DIV/0!,#DIV/0!,#DIV/0!,#DIV/0!,#DIV/0!,,0.01,0.69,,,  -   ,
14,DSNG,Dharma Satya Nusantara Tbk.,  0.03 ,  0.29 ,0.10,  0.79 ,0.52,0.33,  0.09 ,  0.56 ,0.09,"  739,649,000,000 ","  1,055,505,000,000 ","  612,071,000,000 ",,  0.01 ,0.33,0.14,0.88,0.63,0.33,  0.09 ,  0.56 ,"  1,206,587,000,000 ","  1,538,027,000,000 ","  735,706,000,000 ",,  0.00 ,0.34,0.10,0.80,0.59,0.33,  0.15 ,  0.56 ,"  841,665,000,000 ","  1,874,372,000,000 ","  823,456,000,000 ",,  0.02 ,0.37,0.12,1.33,0.58,0.33,  0.15 ,  0.56 ,"  1,141,375,000,000 ","  2,150,615,000,000 ","  914,119,000,000 ",
15,EPMT,Enseval Putera Megatrading Tbk,0.55,0.65,0.11,2.54,2.64,,0.00,0.92,#DIV/0!,"847,881,142,916",,  -   ,,0.54,0.64,0.11,2.28,2.69,,0.00,0.92,"847,532,822,398",,  -   ,,0.52,0.62,0.08,1.92,2.60,,0.00,0.92,"688,498,562,591",,  -   ,,0.51,0.61,0.08,1.68,2.69,,0.00,0.92,"741,773,914,585",,  -   ,
16,FISH,FKS Multi Agro Tbk.,0.17,0.26,0.08,95885.50,2.52,,0.00,0.89,#DIV/0!,"28,894,111",,  -   ,,0.23,0.35,0.11,110177.94,3.39,,0.00,0.89,"32,243,358",,  -   ,,0.19,0.35,0.09,84950.70,2.85,,0.00,0.89,"24,183,057",,  -   ,,0.17,0.33,0.05,147233.22,2.48,,0.00,0.89,"8,727,192",,  -   ,
17,GGRM,Gudang Garam Tbk.,#DIV/0!,#DIV/0!,#DIV/0!,#DIV/0!,#DIV/0!,,0.02,0.79,#DIV/0!,,,  -   ,,0.30,0.64,0.04,1.13,1.41,,0.02,0.79,"2,779,739,000,000",,  -   ,,0.27,0.65,0.08,1.24,1.29,,0.02,0.79,"5,324,514,000,000",,  -   ,,0.32,0.72,0.02,1.11,1.16,,0.02,0.79,"980,805,000,000",,  -   ,
18,GZCO,Gozco Plantations Tbk.,#DIV/0!,#DIV/0!,#DIV/0!,#DIV/0!,#DIV/0!,,0.00,0.65,#DIV/0!,,,  -   ,,0.00,-0.57,0.07,0.52,0.27,,0.00,0.65,"75,634,000,000",,  -   ,,0.11,-0.55,0.02,0.73,0.35,,0.00,0.65,"2,141,000,000",,  -   ,,-0.10,-0.48,0.05,0.60,0.35,,0.00,0.65,"60,542,000,000",,  -   ,
19,HERO,DFI Retail Nusantara Tbk.,#DIV/0!,#DIV/0!,#DIV/0!,#DIV/0!,#DIV/0!,,0.04,0.95,#DIV/0!,,,  -   ,,-0.13,-0.33,-0.00,1.05,0.64,,0.04,0.95,"59,111,000,000",,  -   ,,-0.31,-0.42,-0.01,0.85,0.76,,0.04,0.95,"-132,165,000,000",,  -   ,,-0.31,-0.50,0.02,0.73,0.96,,0.04,0.95,"-5,585,000,000",,  -   ,
20,HMSP,H.M. Sampoerna Tbk.,#DIV/0!,#DIV/0!,#DIV/0!,#DIV/0!,#DIV/0!,,0.00,0.92,#DIV/0!,,,  -   ,,0.31,0.12,0.15,3.67,2.03,,0.00,0.92,"6,323,744,000,000",,  -   ,,0.30,0.15,0.19,4.09,2.10,,0.00,0.92,"8,096,811,000,000",,  -   ,,0.27,0.12,0.16,2.85,2.17,,0.00,0.92,"6,645,774,000,000",,  -   ,
21,ICBP,Indofood CBP Sukses Makmur Tbk,#DIV/0!,#DIV/0!,#DIV/0!,#DIV/0!,#DIV/0!,,0.08,0.82,#DIV/0!,,,  -   ,,0.18,0.25,0.08,2.02,0.56,,0.08,0.82,"4,587,367,000,000",,  -   ,,0.22,0.29,0.11,2.16,0.57,,0.08,0.82,"6,990,572,000,000",,  -   ,,0.27,0.31,0.11,2.25,0.58,,0.08,0.82,"7,079,369,000,000",,  -   ,
22,INDF,Indofood Sukses Makmur Tbk.,#DIV/0!,#DIV/0!,#DIV/0!,#DIV/0!,#DIV/0!,,0.15,0.59,#DIV/0!,,,  -   ,,0.13,0.23,0.09,0.68,0.61,,0.15,0.59,"6,359,094,000,000",,  -   ,,0.16,0.25,0.10,0.66,0.60,,0.15,0.59,"8,147,019,000,000",,  -   ,,0.21,0.26,0.10,0.73,0.57,,0.15,0.59,"8,641,612,000,000",,  -   ,
23,JAWA,Jaya Agra Wattie Tbk.,#DIV/0!,#DIV/0!,#DIV/0!,#DIV/0!,#DIV/0!,,0.00,0.92,#DIV/0!,,,  -   ,,-0.11,-0.37,-0.01,0.49,0.27,,0.00,0.92,"-300,206,074,060",,  -   ,,-0.09,-0.45,-0.01,1.09,0.25,,0.00,0.92,"-302,478,451,258",,  -   ,,-0.00,-0.48,-0.00,0.71,0.28,,0.00,0.92,"-193,042,953,159",,  -   ,
24,JPFA,Japfa Comfeed Indonesia Tbk.,#DIV/0!,#DIV/0!,#DIV/0!,#DIV/0!,#DIV/0!,,0.15,0.67,#DIV/0!,,,  -   ,,0.23,0.30,0.08,0.59,1.50,,0.15,0.67,"1,419,855,000,000",,  -   ,,0.19,0.30,0.06,0.52,1.50,,0.15,0.67,"929,716,000,000",,  -   ,,0.23,0.36,0.15,0.93,1.61,,0.15,0.67,"3,018,892,000,000",,  -   ,
25,LAPD,Leyand International Tbk.,#DIV/0!,#DIV/0!,#DIV/0!,#DIV/0!,#DIV/0!,,#DIV/0!,#DIV/0!,#DIV/0!,,,  -   ,,-231.71,-6905.29,3612.44,12.80,0.00,,#DIV/0!,#DIV/0!,"233,113,930,682",,  -   ,,0.01,-2.20,-0.01,0.15,0.85,,#DIV/0!,#DIV/0!,"-1,303,577,016",,  -   ,,-0.04,-2.00,-0.11,0.36,0.99,,#DIV/0!,#DIV/0!,"-13,683,761,697",,  -   ,
26,LSIP,PP London Sumatra Indonesia Tb,#DIV/0!,#DIV/0!,#DIV/0!,#DIV/0!,#DIV/0!,,0.07,0.69,#DIV/0!,,,  -   ,,0.35,0.73,0.10,4.67,0.37,,0.07,0.69,"1,036,448,000,000",,  -   ,,0.38,0.76,0.07,5.20,0.33,,0.07,0.69,"761,995,000,000",,  -   ,,0.47,0.78,0.13,5.17,0.33,,0.07,0.69,"1,476,909,000,000",,  -   ,
27,MAIN,Malindo Feedmill Tbk.,#DIV/0!,#DIV/0!,#DIV/0!,#DIV/0!,#DIV/0!,,0.03,0.76,#DIV/0!,,,  -   ,,0.07,0.22,0.03,0.30,1.93,,0.03,0.76,"26,239,995,000",,  -   ,,0.08,0.24,0.05,0.34,2.19,,0.03,0.76,"63,373,085,000",,  -   ,,0.21,0.34,0.14,0.62,2.32,,0.03,0.76,"488,029,417,000",,  -   ,
28,MBTO,Martina Berto Tbk.,#DIV/0!,#DIV/0!,#DIV/0!,#DIV/0!,#DIV/0!,,0.00,0.68,#DIV/0!,,,  -   ,,#DIV/0!,#DIV/0!,#DIV/0!,#DIV/0!,#DIV/0!,,0.00,0.68,,,  -   ,,#DIV/0!,#DIV/0!,#DIV/0!,#DIV/0!,#DIV/0!,,0.00,0.68,,,  -   ,,#DIV/0!,#DIV/0!,#DIV/0!,#DIV/0!,#DIV/0!,,0.00,0.68,,,  -   ,
29,MIDI,Midi Utama Indonesia Tbk.,#DIV/0!,#DIV/0!,#DIV/0!,#DIV/0!,#DIV/0!,,0.02,0.81,#DIV/0!,,,  -   ,,-0.13,0.23,0.09,1.91,2.26,,0.02,0.81,"398,918,000,000",,  -   ,,-0.02,0.25,0.09,3.71,2.23,,0.02,0.81,"516,658,000,000",,  -   ,,-0.03,0.27,0.08,3.24,2.28,,0.02,0.81,"546,407,000,000",,  -   ,
30,MLBI,Multi Bintang Indonesia Tbk.,#DIV/0!,#DIV/0!,#DIV/0!,#DIV/0!,#DIV/0!,,0.03,0.89,#DIV/0!,,,  -   ,,-0.15,0.31,0.38,8.19,0.92,,0.03,0.89,"924,767,000,000",,  -   ,,-0.04,0.40,0.42,8.10,0.98,,0.03,0.89,"1,066,178,000,000",,  -   ,,-0.06,0.37,0.43,6.05,0.98,,0.03,0.89,"1,141,948,000,000",,  -   ,
31,MLPL,Multipolar Tbk.,#DIV/0!,#DIV/0!,#DIV/0!,#DIV/0!,#DIV/0!,,0.03,0.64,#DIV/0!,,,  -   ,,0.01,0.09,0.03,0.01,0.83,,0.03,0.64,"151,227,000,000",,  -   ,,0.00,0.10,0.04,0.00,0.84,,0.03,0.64,"172,049,000,000",,  -   ,,0.00,0.11,0.05,0.01,0.87,,0.03,0.64,"142,830,000,000",,  -   ,
32,MRAT,Mustika Ratu Tbk.,0.42,0.33,0.03,0.50,0.57,,0.00,0.76,#DIV/0!,"358,126,931",,  -   ,,0.50,0.38,0.09,1.16,0.41,,0.00,0.76,"67,833,011,050",,  -   ,,0.54,0.39,0.00,0.68,0.47,,0.00,0.76,"-14,140,399,378",,  -   ,,0.41,0.30,0.02,0.54,0.41,,0.00,0.76,"-5,122,538,773",,  -   ,
33,MYOR,Mayora Indah Tbk.,  0.37 ,  0.54 ,0.09,  5.33 ,1.40,0.40,  0.25 ,  0.59 ,0.07,"  1,211,052,647,953 ","  1,041,955,003,348 ","  844,085,689,408 ",,  0.41 ,0.55,0.11,2500.00,1.38,0.40,  0.25 ,  0.59 ,"  1,970,064,538,149 ","  1,619,570,638,186 ","  847,714,654,902 ",,  0.26 ,0.61,0.18,6.48,1.32,0.40,  0.25 ,  0.59 ,"  3,244,872,091,221 ","  5,259,181,989,696 ","  831,008,408,714 ",,  0.41 ,0.55,0.13,4.92,1.21,0.40,  0.25 ,  0.59 ,"  3,067,667,675,407 ","- 463,359,496,912 ","  967,806,352,377 ",
34,PSDN,Prasidha Aneka Niaga Tbk,#DIV/0!,#DIV/0!,#DIV/0!,#DIV/0!,#DIV/0!,0.33,  0.09 ,  0.68 ,#DIV/0!,,,  -   ,,#DIV/0!,#DIV/0!,#DIV/0!,#DIV/0!,#DIV/0!,0.33,  0.08 ,  0.66 ,,,  -   ,,#DIV/0!,#DIV/0!,#DIV/0!,#DIV/0!,#DIV/0!,0.33,  0.05 ,  7.00 ,,,  -   ,,#DIV/0!,#DIV/0!,#DIV/0!,#DIV/0!,#DIV/0!,0.40,  0.05 ,  0.64 ,,,  -   ,
35,RANC,Supra Boga Lestari Tbk.,#DIV/0!,#DIV/0!,#DIV/0!,#DIV/0!,#DIV/0!,,0.00,0.88,#DIV/0!,,,  -   ,,#DIV/0!,#DIV/0!,#DIV/0!,#DIV/0!,#DIV/0!,,0.00,0.88,,,  -   ,,#DIV/0!,#DIV/0!,#DIV/0!,#DIV/0!,#DIV/0!,,0.00,0.88,,,  -   ,,#DIV/0!,#DIV/0!,#DIV/0!,#DIV/0!,#DIV/0!,,0.00,0.88,,,  -   ,
36,ROTI,Nippon Indosari Corpindo Tbk.,#DIV/0!,#DIV/0!,#DIV/0!,#DIV/0!,#DIV/0!,,0.00,0.83,#DIV/0!,,,  -   ,,0.16,0.41,0.15,5.12,0.95,,0.00,0.83,"432,220,344,060",,  -   ,,0.13,0.36,0.12,4.17,0.97,,0.00,0.83,"333,291,088,862",,  -   ,,0.12,0.35,0.14,3.79,1.05,,0.00,0.83,"362,565,606,268",,  -   ,
37,SDPC,Millennium Pharmacon Internati,#DIV/0!,#DIV/0!,#DIV/0!,#DIV/0!,#DIV/0!,,0.03,0.85,#DIV/0!,,,  -   ,,0.10,0.09,0.05,0.37,2.28,,0.03,0.85,"24,464,054,875",,  -   ,,0.10,0.09,0.06,0.15,2.05,,0.03,0.85,"33,087,528,526",,  -   ,,0.08,0.09,0.05,0.11,2.21,,0.03,0.85,"16,928,878,936",,  -   ,
38,SGRO,Prime Agri Resources Tbk.,#DIV/0!,#DIV/0!,#DIV/0!,#DIV/0!,#DIV/0!,,0.00,0.99,#DIV/0!,,,  -   ,,0.04,0.38,0.16,0.76,0.55,,0.00,0.99,"1,049,826,000,000",,  -   ,,0.03,0.40,0.09,0.80,0.56,,0.00,0.99,"483,712,000,000",,  -   ,,0.04,0.42,0.14,0.87,0.52,,0.00,0.99,"754,152,000,000",,  -   ,
39,SIMP,Salim Ivomas Pratama Tbk.,#DIV/0!,#DIV/0!,#DIV/0!,#DIV/0!,#DIV/0!,,0.02,0.86,#DIV/0!,,,  -   ,,0.03,0.32,0.08,0.43,0.49,,0.02,0.86,"1,198,367,000,000",,  -   ,,0.01,0.34,0.06,0.44,0.46,,0.02,0.86,"736,417,000,000",,  -   ,,0.12,0.36,0.10,0.44,0.43,,0.02,0.86,"1,549,914,000,000",,  -   ,
40,SIPD,Sreeya Sewu Indonesia Tbk.,#DIV/0!,#DIV/0!,#DIV/0!,#DIV/0!,#DIV/0!,,0.00,0.91,#DIV/0!,,,  -   ,,-0.09,-0.23,-0.05,0.00,2.01,,0.00,0.91,"-218,103,000,000",,  -   ,,0.05,-0.22,0.01,0.00,1.86,,0.00,0.91,"-17,315,000,000",,  -   ,,0.01,-0.23,0.03,0.00,1.72,,0.00,0.91,"3,325,000,000",,  -   ,
41,SKBM,Sekar Bumi Tbk.,#DIV/0!,#DIV/0!,#DIV/0!,#DIV/0!,#DIV/0!,,0.00,0.75,#DIV/0!,,,  -   ,,0.19,0.17,0.08,0.68,1.86,,0.00,0.75,"86,221,358,302",,  -   ,,0.21,0.18,0.03,0.70,1.54,,0.00,0.75,"1,496,164,143",,  -   ,,0.17,0.14,-0.03,0.92,1.23,,0.00,0.75,"-75,222,579,818",,  -   ,
42,SKLT,Sekar Laut Tbk.,#DIV/0!,#DIV/0!,#DIV/0!,#DIV/0!,#DIV/0!,,0.01,0.89,#DIV/0!,,,  -   ,,0.20,0.28,0.10,2.75,1.49,,0.01,0.89,"75,154,155,539",,  -   ,,0.30,0.28,0.08,3.78,1.40,,0.01,0.89,"77,849,644,887",,  -   ,,0.24,0.29,0.11,2.04,1.51,,0.01,0.89,"109,707,478,296",,  -   ,
43,SMAR,Sinar Mas Agro Resources and T,#DIV/0!,#DIV/0!,#DIV/0!,#DIV/0!,#DIV/0!,,0.00,0.99,#DIV/0!,,,  -   ,,0.27,0.38,0.19,0.61,1.76,,0.00,0.99,"5,500,519,000,000",,  -   ,,0.22,0.41,0.06,0.56,1.68,,0.00,0.99,"917,807,000,000",,  -   ,,0.24,0.37,0.06,0.41,1.74,,0.00,0.99,"1,278,172,000,000",,  -   ,
44,SSMS,Sawit Sumbermas Sarana Tbk.,#DIV/0!,#DIV/0!,#DIV/0!,#DIV/0!,#DIV/0!,,0.10,0.81,#DIV/0!,,,  -   ,,0.04,0.32,0.23,1.54,1.01,,0.10,0.81,"1,837,375,968,000",,  -   ,,0.02,0.17,0.10,1.00,0.90,,0.10,0.81,"512,255,637,000",,  -   ,,0.04,0.19,0.15,1.38,0.87,,0.10,0.81,"819,533,676,000",,  -   ,
45,STTP,Siantar Top Tbk.,#DIV/0!,#DIV/0!,#DIV/0!,#DIV/0!,#DIV/0!,,0.00,0.86,#DIV/0!,,,  -   ,,0.45,0.79,0.16,15.13,1.07,,0.00,0.86,"624,477,421,592",,  -   ,,0.55,0.83,0.20,19.35,0.87,,0.00,0.86,"917,689,903,741",,  -   ,,0.63,0.86,0.22,28.97,0.73,,0.00,0.86,"1,314,328,079,733",,  -   ,
46,TBLA,Tunas Baru Lampung Tbk.,#DIV/0!,#DIV/0!,#DIV/0!,#DIV/0!,#DIV/0!,,0.06,0.61,#DIV/0!,,,  -   ,,0.08,0.23,0.09,0.24,0.70,,0.06,0.61,"800,689,000,000",,  -   ,,0.13,0.23,0.08,0.24,0.59,,0.06,0.61,"611,289,000,000",,  -   ,,0.11,0.22,0.08,0.19,0.63,,0.06,0.61,"700,019,000,000",,  -   ,
47,TCID,Mandom Indonesia Tbk.,#DIV/0!,#DIV/0!,#DIV/0!,#DIV/0!,#DIV/0!,,0.00,0.78,#DIV/0!,,,  -   ,,0.58,0.65,0.01,2.41,0.86,,0.00,0.78,"18,467,723,999",,  -   ,,0.60,0.66,0.02,2.17,0.86,,0.00,0.78,"38,116,433,207",,  -   ,,0.53,0.63,-0.07,1.58,0.80,,0.00,0.78,"-124,746,678,571",,  -   ,
48,TGKA,Tigaraksa Satria Tbk.,#DIV/0!,#DIV/0!,#DIV/0!,#DIV/0!,#DIV/0!,,0.00,0.92,#DIV/0!,,,  -   ,,0.46,0.46,0.15,3.06,3.11,,0.00,0.92,"478,138,000,000",,  -   ,,0.41,0.45,0.13,2.50,3.11,,0.00,0.92,"457,037,000,000",,  -   ,,0.43,0.46,0.11,2.34,2.86,,0.00,0.92,"412,442,000,000",,  -   ,
49,ULTJ,Ultrajaya Milk Industry & Trad,#DIV/0!,#DIV/0!,#DIV/0!,#DIV/0!,#DIV/0!,,0.06,0.79,#DIV/0!,,,  -   ,,0.43,0.93,0.19,9.87,1.04,,0.06,0.79,"960,786,000,000",,  -   ,,0.49,0.79,0.21,19.88,1.10,,0.06,0.79,"1,169,212,000,000",,  -   ,,0.47,0.79,0.18,18.14,1.05,,0.06,0.79,"1,136,624,000,000",,  -   ,
50,UNVR,Unilever Indonesia Tbk.,#DIV/0!,#DIV/0!,#DIV/0!,#DIV/0!,#DIV/0!,,0.03,0.86,#DIV/0!,,,  -   ,,-0.27,0.21,0.39,12.47,2.25,,0.03,0.86,"5,364,761,000,000",,  -   ,,-0.30,0.19,0.38,10.09,2.32,,0.03,0.86,"4,800,940,000,000",,  -   ,,-0.41,0.12,0.24,5.15,1.91,,0.03,0.86,"3,368,693,000,000",,  -   ,
51,WAPO,Wahana Pronatural Tbk.,#DIV/0!,#DIV/0!,#DIV/0!,#DIV/0!,#DIV/0!,,0.00,0.81,#DIV/0!,,,  -   ,,#DIV/0!,#DIV/0!,#DIV/0!,#DIV/0!,#DIV/0!,,0.00,0.81,,,  -   ,,#DIV/0!,#DIV/0!,#DIV/0!,#DIV/0!,#DIV/0!,,0.00,0.81,,,  -   ,,#DIV/0!,#DIV/0!,#DIV/0!,#DIV/0!,#DIV/0!,,0.00,0.81,,,  -   ,
52,WIIM,Wismilak Inti Makmur Tbk.,#DIV/0!,#DIV/0!,#DIV/0!,#DIV/0!,#DIV/0!,,0.01,0.78,#DIV/0!,,,  -   ,,0.56,0.46,0.15,1.96,1.71,,0.01,0.78,"249,331,695,478",,  -   ,,0.58,0.51,0.25,5.06,1.89,,0.01,0.78,"494,312,833,186",,  -   ,,0.48,0.46,0.13,1.31,1.57,,0.01,0.78,"298,682,227,072",,  -   ,
53,DAYA,Duta Intidaya Tbk.,#DIV/0!,#DIV/0!,#DIV/0!,#DIV/0!,#DIV/0!,,0.00,0.92,#DIV/0!,,,  -   ,,-0.25,-0.39,-0.02,0.79,1.69,,0.00,0.92,"-40,023,559,000",,  -   ,,-0.23,-0.41,0.01,1.04,2.24,,0.00,0.92,"-16,188,988,000",,  -   ,,-0.19,-0.24,0.09,1.99,2.11,,0.00,0.92,"45,674,833,000",,  -   ,
54,DPUM,Dua Putra Utama Makmur Tbk.,#DIV/0!,#DIV/0!,#DIV/0!,#DIV/0!,#DIV/0!,,0.00,0.69,#DIV/0!,,,  -   ,,0.13,-0.41,-0.04,0.27,0.53,,0.00,0.69,"-45,726,829,010",,  -   ,,0.16,-0.58,-0.07,0.20,0.77,,0.00,0.69,"-142,298,507,164",,  -   ,,0.21,-0.62,0.01,0.34,0.92,,0.00,0.69,"-37,052,801,791",,  -   ,
55,KINO,Kino Indonesia Tbk.,#DIV/0!,#DIV/0!,#DIV/0!,#DIV/0!,#DIV/0!,,0.00,0.85,#DIV/0!,,,  -   ,,-0.05,0.04,-0.16,0.67,0.78,,0.00,0.85,"-957,025,786,473",,  -   ,,-0.08,0.07,0.06,0.58,0.89,,0.00,0.85,"70,463,044,564",,  -   ,,-0.14,0.09,0.06,0.58,0.97,,0.00,0.85,"86,599,307,623",,  -   ,
56,CLEO,Sariguna Primatirta Tbk.,#DIV/0!,#DIV/0!,#DIV/0!,#DIV/0!,#DIV/0!,,0.00,0.89,#DIV/0!,,,  -   ,,0.03,0.38,0.15,11.46,0.94,,0.00,0.89,"192,467,066,577",,  -   ,,0.04,0.42,0.19,10.90,0.91,,0.00,0.89,"305,779,257,892",,  -   ,,0.03,0.52,0.24,25.76,1.01,,0.00,0.89,"465,157,220,395",,  -   ,
57,HOKI,Buyung Poetra Sembada Tbk.,#DIV/0!,#DIV/0!,#DIV/0!,#DIV/0!,#DIV/0!,,0.00,0.74,#DIV/0!,,,  -   ,,0.33,0.33,0.03,6.98,1.14,,0.00,0.74,"1,797,143,563",,  -   ,,0.26,0.24,0.01,4.35,1.23,,0.00,0.74,"-1,465,736,323",,  -   ,,0.26,0.22,0.02,2.30,1.16,,0.00,0.74,"-3,000,946,555",,  -   ,
58,CAMP,Campina Ice Cream Industry Tbk,#DIV/0!,#DIV/0!,#DIV/0!,#DIV/0!,#DIV/0!,,0.00,0.92,#DIV/0!,,,  -   ,,0.65,0.12,0.15,13.51,1.05,,0.00,0.92,"121,257,336,904",,  -   ,,0.39,0.12,0.14,17.38,1.04,,0.00,0.92,"127,426,464,539",,  -   ,,0.35,0.09,0.11,10.17,1.07,,0.00,0.92,"97,110,136,525",,  -   ,
59,MGRO,Mahkota Group Tbk.,0.01,0.07,0.10,2.70,4.02,,0.00,0.80,#DIV/0!,"78,537,148,077",,  -   ,,0.03,0.03,0.03,1.55,2.93,,0.00,0.80,"-20,104,462,276",,  -   ,,-0.10,-0.02,-0.02,1.15,2.02,,0.00,0.80,"-152,233,515,056",,  -   ,,-0.08,-0.03,0.03,0.95,1.52,,0.00,0.80,"-20,850,947,852",,  -   ,
60,GOOD,Garudafood Putra Putri Jaya Tb,#DIV/0!,#DIV/0!,#DIV/0!,#DIV/0!,#DIV/0!,,0.00,1.00,#DIV/0!,,,  -   ,,0.19,0.22,0.11,4.87,1.43,,0.00,1.00,"425,208,267,424",,  -   ,,0.20,0.27,0.13,4.51,1.42,,0.00,1.00,"580,412,724,554",,  -   ,,0.12,0.27,0.12,3.43,1.45,,0.00,1.00,"624,470,577,279",,  -   ,
61,BEEF,Estika Tata Tiara Tbk.,#DIV/0!,#DIV/0!,#DIV/0!,#DIV/0!,#DIV/0!,,0.00,0.79,#DIV/0!,,,  -   ,,-0.42,-0.89,-0.20,0.53,0.06,,0.00,0.79,"-93,605,399,937",,  -   ,,-0.28,-0.71,0.10,3.17,0.89,,0.00,0.79,"57,069,005,210",,  -   ,,0.00,-0.18,0.08,0.55,2.25,,0.00,0.79,"102,995,767,911",,  -   ,
62,COCO,Wahana Interfood Nusantara Tbk,#DIV/0!,#DIV/0!,#DIV/0!,#DIV/0!,#DIV/0!,,0.00,0.14,#DIV/0!,,,  -   ,,#DIV/0!,#DIV/0!,#DIV/0!,#DIV/0!,#DIV/0!,,0.00,0.14,,,  -   ,,#DIV/0!,#DIV/0!,#DIV/0!,#DIV/0!,#DIV/0!,,0.00,0.14,,,  -   ,,#DIV/0!,#DIV/0!,#DIV/0!,#DIV/0!,#DIV/0!,,0.00,0.14,,,  -   ,
63,ITIC,Indonesian Tobacco Tbk.,#DIV/0!,#DIV/0!,#DIV/0!,#DIV/0!,#DIV/0!,,0.00,0.75,#DIV/0!,,,  -   ,,#DIV/0!,#DIV/0!,#DIV/0!,#DIV/0!,#DIV/0!,,0.00,0.75,,,  -   ,,#DIV/0!,#DIV/0!,#DIV/0!,#DIV/0!,#DIV/0!,,0.00,0.75,,,  -   ,,#DIV/0!,#DIV/0!,#DIV/0!,#DIV/0!,#DIV/0!,,0.00,0.75,,,  -   ,
64,KEJU,Mulia Boga Raya Tbk.,#DIV/0!,#DIV/0!,#DIV/0!,#DIV/0!,#DIV/0!,,0.00,0.97,#DIV/0!,,,  -   ,,0.57,0.47,0.18,13.70,1.21,,0.00,0.97,"117,370,750,383",,  -   ,,0.57,0.44,0.13,10.99,1.23,,0.00,0.97,"80,342,415,257",,  -   ,,0.46,0.45,0.19,19.46,1.30,,0.00,0.97,"146,880,537,264",,  -   ,
65,PSGO,Palma Serasih Tbk.,#DIV/0!,#DIV/0!,#DIV/0!,#DIV/0!,#DIV/0!,,0.05,0.93,#DIV/0!,,,  -   ,,0.16,-0.04,0.11,1.12,0.48,,0.05,0.93,"257,682,090,851",,  -   ,,0.29,0.09,0.19,1.29,0.49,,0.05,0.93,"549,244,217,016",,  -   ,,0.26,0.12,0.14,2.36,0.54,,0.05,0.93,"350,647,372,618",,  -   ,
66,AGAR,Asia Sejahtera Mina Tbk.,#DIV/0!,#DIV/0!,#DIV/0!,#DIV/0!,#DIV/0!,,0.00,0.75,#DIV/0!,,,  -   ,,#DIV/0!,#DIV/0!,#DIV/0!,#DIV/0!,#DIV/0!,,0.00,0.75,,,  -   ,,#DIV/0!,#DIV/0!,#DIV/0!,#DIV/0!,#DIV/0!,,0.00,0.75,,,  -   ,,#DIV/0!,#DIV/0!,#DIV/0!,#DIV/0!,#DIV/0!,,0.00,0.75,,,  -   ,
67,UCID,Uni-Charm Indonesia Tbk.,#DIV/0!,#DIV/0!,#DIV/0!,#DIV/0!,#DIV/0!,,0.13,0.82,#DIV/0!,,,  -   ,,0.35,0.43,0.05,1.41,1.23,,0.13,0.82,"313,459,000,000",,  -   ,,0.36,0.47,0.07,1.42,1.21,,0.13,0.82,"434,574,000,000",,  -   ,,0.37,0.50,0.06,1.13,1.12,,0.13,0.82,"350,405,000,000",,  -   ,
68,CSRA,Cisadane Sawit Raya Tbk.,#DIV/0!,#DIV/0!,#DIV/0!,#DIV/0!,#DIV/0!,,0.00,0.89,#DIV/0!,,,  -   ,,#DIV/0!,#DIV/0!,#DIV/0!,#DIV/0!,#DIV/0!,,0.00,0.89,,,  -   ,,#DIV/0!,#DIV/0!,#DIV/0!,#DIV/0!,#DIV/0!,,0.00,0.89,,,  -   ,,#DIV/0!,#DIV/0!,#DIV/0!,#DIV/0!,#DIV/0!,,0.00,0.89,"214,854,888,133",,  -   ,
69,DMND,Diamond Food Indonesia Tbk.,#DIV/0!,#DIV/0!,#DIV/0!,#DIV/0!,#DIV/0!,,0.20,0.72,#DIV/0!,,,  -   ,,0.43,0.45,0.07,5.26,1.23,,0.20,0.72,"377,895,000,000",,  -   ,,0.42,0.47,0.06,5.78,1.29,,0.20,0.72,"311,183,000,000",,  -   ,,0.41,0.49,0.06,6.06,1.32,,0.20,0.72,"363,944,000,000",,  -   ,
70,IKAN,Era Mandiri Cemerlang Tbk.,#DIV/0!,#DIV/0!,#DIV/0!,#DIV/0!,#DIV/0!,,0.00,0.52,#DIV/0!,,,  -   ,,#DIV/0!,#DIV/0!,#DIV/0!,#DIV/0!,#DIV/0!,,0.00,0.52,,,  -   ,,#DIV/0!,#DIV/0!,#DIV/0!,#DIV/0!,#DIV/0!,,0.00,0.52,,,  -   ,,#DIV/0!,#DIV/0!,#DIV/0!,#DIV/0!,#DIV/0!,,0.00,0.52,,,  -   ,
71,PGUN,Pradiksi Gunatama Tbk.,#DIV/0!,#DIV/0!,#DIV/0!,#DIV/0!,#DIV/0!,,0.00,0.92,#DIV/0!,,,  -   ,,0.04,-0.05,0.11,5.03,0.43,,0.00,0.92,"172,151,655,670",,  -   ,,0.05,0.02,0.07,2.47,0.34,,0.00,0.92,"108,056,587,588",,  -   ,,0.06,0.07,0.06,2.87,0.28,,0.00,0.92,"79,181,162,728",,  -   ,
72,PNGO,Pinago Utama Tbk.,#DIV/0!,#DIV/0!,#DIV/0!,#DIV/0!,#DIV/0!,,0.00,0.98,#DIV/0!,,,  -   ,,0.10,0.39,0.18,1.30,1.31,,0.00,0.98,"173,128,385,854",,  -   ,,0.05,0.46,0.20,1.58,1.37,,0.00,0.98,"191,350,331,516",,  -   ,,0.01,0.48,0.19,1.58,1.16,,0.00,0.98,"220,332,580,518",,  -   ,
73,KMDS,Kurniamitra Duta Sentosa Tbk.,#DIV/0!,#DIV/0!,#DIV/0!,#DIV/0!,#DIV/0!,,0.00,0.79,#DIV/0!,,,  -   ,,#DIV/0!,#DIV/0!,#DIV/0!,#DIV/0!,#DIV/0!,,0.00,0.79,,,  -   ,,#DIV/0!,#DIV/0!,#DIV/0!,#DIV/0!,#DIV/0!,,0.00,0.79,,,  -   ,,#DIV/0!,#DIV/0!,#DIV/0!,#DIV/0!,#DIV/0!,,0.00,0.79,,,  -   ,
74,ENZO,Morenzo Abadi Perkasa Tbk.,#DIV/0!,#DIV/0!,#DIV/0!,#DIV/0!,#DIV/0!,,0.00,0.76,#DIV/0!,,,  -   ,,#DIV/0!,#DIV/0!,#DIV/0!,#DIV/0!,#DIV/0!,,0.00,0.76,,,  -   ,,#DIV/0!,#DIV/0!,#DIV/0!,#DIV/0!,#DIV/0!,,0.00,0.76,,,  -   ,,#DIV/0!,#DIV/0!,#DIV/0!,#DIV/0!,#DIV/0!,,0.00,0.76,,,  -   ,
75,VICI,Victoria Care Indonesia Tbk.,0.40,0.36,0.24,13.95,1.16,,0.00,0.96,#DIV/0!,"177,275,878,389",,  -   ,,0.33,0.34,0.13,9.78,0.91,,0.00,0.96,"97,639,053,688",,  -   ,,0.38,0.44,0.22,19.00,1.19,,0.00,0.96,"178,455,165,962",,  -   ,,0.39,0.47,0.18,16.83,1.09,,0.00,0.96,"175,945,630,508",,  -   ,
76,WMUU,Widodo Makmur Unggas Tbk.,#DIV/0!,#DIV/0!,#DIV/0!,#DIV/0!,#DIV/0!,,0.00,0.56,#DIV/0!,,,  -   ,,-0.12,0.11,0.03,0.73,0.91,,0.00,0.56,"-8,957,865,054",,  -   ,,-0.07,0.03,-0.06,0.43,0.14,,0.00,0.56,"-220,007,464,532",,  -   ,,-0.12,-0.02,-0.04,0.08,0.16,,0.00,0.56,"-120,530,353,779",,  -   ,
77,TAPG,Triputra Agro Persada Tbk.,#DIV/0!,#DIV/0!,#DIV/0!,#DIV/0!,#DIV/0!,,0.02,0.86,#DIV/0!,,,  -   ,,0.11,0.34,0.26,3.06,0.64,,0.02,0.86,"2,981,120,000,000",,  -   ,,0.04,0.41,0.15,4.28,0.60,,0.02,0.86,"1,608,217,000,000",,  -   ,,0.06,0.39,0.28,5.01,0.68,,0.02,0.86,"3,120,276,000,000",,  -   ,
78,OILS,Indo Oil Perkasa Tbk.,#DIV/0!,#DIV/0!,#DIV/0!,#DIV/0!,#DIV/0!,,0.00,0.63,#DIV/0!,,,  -   ,,#DIV/0!,#DIV/0!,#DIV/0!,#DIV/0!,#DIV/0!,,0.00,0.63,,,  -   ,,#DIV/0!,#DIV/0!,#DIV/0!,#DIV/0!,#DIV/0!,,0.00,0.63,,,  -   ,,#DIV/0!,#DIV/0!,#DIV/0!,#DIV/0!,#DIV/0!,,0.00,0.63,,,  -   ,
79,BOBA,Formosa Ingredient Factory Tbk,#DIV/0!,#DIV/0!,#DIV/0!,#DIV/0!,#DIV/0!,,0.00,0.89,#DIV/0!,,,  -   ,,#DIV/0!,#DIV/0!,#DIV/0!,#DIV/0!,#DIV/0!,,0.00,0.89,,,  -   ,,#DIV/0!,#DIV/0!,#DIV/0!,#DIV/0!,#DIV/0!,,0.00,0.89,,,  -   ,,#DIV/0!,#DIV/0!,#DIV/0!,#DIV/0!,#DIV/0!,,0.00,0.89,,,  -   ,
80,CMRY,Cisarua Mountain Dairy Tbk.,#DIV/0!,#DIV/0!,#DIV/0!,#DIV/0!,#DIV/0!,,0.05,0.82,#DIV/0!,,,  -   ,,0.50,0.23,0.22,34.95,1.02,,0.05,0.82,"1,060,533,000,000",,  -   ,,0.49,0.30,0.22,28.78,1.10,,0.05,0.82,"1,241,715,000,000",,  -   ,,0.37,0.36,0.23,29.77,1.10,,0.05,0.82,"1,519,337,000,000",,  -   ,
81,TAYS,Jaya Swarasa Agung Tbk.,#DIV/0!,#DIV/0!,#DIV/0!,#DIV/0!,#DIV/0!,,0.00,0.68,#DIV/0!,,,  -   ,,#DIV/0!,#DIV/0!,#DIV/0!,#DIV/0!,#DIV/0!,,0.00,0.68,,,  -   ,,#DIV/0!,#DIV/0!,#DIV/0!,#DIV/0!,#DIV/0!,,0.00,0.68,,,  -   ,,#DIV/0!,#DIV/0!,#DIV/0!,#DIV/0!,#DIV/0!,,0.00,0.68,,,  -   ,
82,NASI,Wahana Inti Makmur Tbk.,#DIV/0!,#DIV/0!,#DIV/0!,#DIV/0!,#DIV/0!,,0.00,0.71,#DIV/0!,,,  -   ,,#DIV/0!,#DIV/0!,#DIV/0!,#DIV/0!,#DIV/0!,,0.00,0.71,,,  -   ,,#DIV/0!,#DIV/0!,#DIV/0!,#DIV/0!,#DIV/0!,,0.00,0.71,,,  -   ,,#DIV/0!,#DIV/0!,#DIV/0!,#DIV/0!,#DIV/0!,,0.00,0.71,,,  -   ,
83,FAPA,FAP Agri Tbk.,#DIV/0!,#DIV/0!,#DIV/0!,#DIV/0!,#DIV/0!,,0.00,0.07,#DIV/0!,,,  -   ,,-0.03,-0.05,0.13,3.17,0.56,,0.00,0.07,"709,143,944,186",,  -   ,,-0.09,-0.03,0.05,4.04,0.59,,0.00,0.07,"153,570,962,880",,  -   ,,-0.07,0.03,0.11,3.79,0.65,,0.00,0.07,"542,473,400,017",,  -   ,
